{
  "types": {
    "aliases": "aliases",
    "cssclasses": "multitext",
    "tags": "tags",
    "OSes": "multitext",
    "used in deployment": "checkbox",
    "date": "datetime",
    "change type": "multitext",
    "device": "multitext",
    "entity type": "multitext",
    "source name": "text",
    "status": "multitext",
    "monitored?": "checkbox",
    "operating system": "multitext",
    "source category": "multitext",
    "mistake type": "multitext",
    "rating": "number",
    "reference type": "multitext",
    "blog section": "multitext",
    "published date": "date",
    "date added": "datetime",
    "include in blog?": "checkbox"
  }
}