{
  "main": {
    "id": "607ecbab5cbbafbb",
    "type": "split",
    "children": [
      {
        "id": "e048828342576296",
        "type": "tabs",
        "dimension": 47.058823529411754,
        "children": [
          {
            "id": "68551ce06d408039",
            "type": "leaf",
            "pinned": true,
            "state": {
              "type": "markdown",
              "state": {
                "file": "Welcome.md",
                "mode": "source",
                "source": true,
                "backlinks": true,
                "backlinkOpts": {
                  "collapseAll": false,
                  "extraContext": false,
                  "sortOrder": "alphabetical",
                  "showSearch": false,
                  "searchQuery": "",
                  "backlinkCollapsed": false,
                  "unlinkedCollapsed": true
                }
              },
              "pinned": true,
              "icon": "lucide-file",
              "title": "Welcome"
            }
          },
          {
            "id": "3f09b3854698122e",
            "type": "leaf",
            "pinned": true,
            "state": {
              "type": "markdown",
              "state": {
                "file": "Entities.md",
                "mode": "preview",
                "source": true,
                "backlinks": true,
                "backlinkOpts": {
                  "collapseAll": false,
                  "extraContext": false,
                  "sortOrder": "alphabetical",
                  "showSearch": false,
                  "searchQuery": "",
                  "backlinkCollapsed": true,
                  "unlinkedCollapsed": true
                }
              },
              "pinned": true,
              "icon": "lucide-file",
              "title": "Entities"
            }
          },
          {
            "id": "4cec57ccf3bef56c",
            "type": "leaf",
            "pinned": true,
            "state": {
              "type": "markdown",
              "state": {
                "file": "Templates.md",
                "mode": "source",
                "source": false,
                "backlinks": true,
                "backlinkOpts": {
                  "collapseAll": false,
                  "extraContext": false,
                  "sortOrder": "alphabetical",
                  "showSearch": false,
                  "searchQuery": "",
                  "backlinkCollapsed": false,
                  "unlinkedCollapsed": true
                }
              },
              "pinned": true,
              "icon": "lucide-file",
              "title": "Templates"
            }
          },
          {
            "id": "601041ead32ad0ce",
            "type": "leaf",
            "state": {
              "type": "markdown",
              "state": {
                "file": "TODO List.md",
                "mode": "source",
                "source": false,
                "backlinks": true,
                "backlinkOpts": {
                  "collapseAll": false,
                  "extraContext": false,
                  "sortOrder": "alphabetical",
                  "showSearch": false,
                  "searchQuery": "",
                  "backlinkCollapsed": false,
                  "unlinkedCollapsed": true
                }
              },
              "icon": "lucide-file",
              "title": "TODO List"
            }
          },
          {
            "id": "1c3bdcd3c50d7523",
            "type": "leaf",
            "state": {
              "type": "markdown",
              "state": {
                "file": "blog/draft 1/Blog 1. My Segmented Blog Draft (No 1).md",
                "mode": "preview",
                "source": false,
                "backlinks": true,
                "backlinkOpts": {
                  "collapseAll": false,
                  "extraContext": false,
                  "sortOrder": "alphabetical",
                  "showSearch": false,
                  "searchQuery": "",
                  "backlinkCollapsed": false,
                  "unlinkedCollapsed": true
                }
              },
              "icon": "lucide-file",
              "title": "Blog 1. My Segmented Blog Draft (No 1)"
            }
          },
          {
            "id": "b501f331478af567",
            "type": "leaf",
            "state": {
              "type": "markdown",
              "state": {
                "file": "blog/draft 1/2. Setup.md",
                "mode": "preview",
                "source": false,
                "backlinks": true,
                "backlinkOpts": {
                  "collapseAll": false,
                  "extraContext": false,
                  "sortOrder": "alphabetical",
                  "showSearch": false,
                  "searchQuery": "",
                  "backlinkCollapsed": false,
                  "unlinkedCollapsed": true
                }
              },
              "icon": "lucide-file",
              "title": "2. Setup"
            }
          }
        ],
        "currentTab": 4
      },
      {
        "id": "9b0c27c680826b28",
        "type": "tabs",
        "dimension": 52.941176470588246,
        "children": [
          {
            "id": "2847631a0ad861a1",
            "type": "leaf",
            "state": {
              "type": "markdown",
              "state": {
                "file": "blog/draft 3/Blog 3. My Unified Blog Draft (No 3).md",
                "mode": "source",
                "source": true,
                "backlinks": true,
                "backlinkOpts": {
                  "collapseAll": false,
                  "extraContext": false,
                  "sortOrder": "alphabetical",
                  "showSearch": false,
                  "searchQuery": "",
                  "backlinkCollapsed": false,
                  "unlinkedCollapsed": true
                }
              },
              "icon": "lucide-file",
              "title": "Blog 3. My Unified Blog Draft (No 3)"
            }
          }
        ]
      }
    ],
    "direction": "vertical"
  },
  "left": {
    "id": "00025c257b040fc7",
    "type": "split",
    "children": [
      {
        "id": "7c7bc0a21f7c59b7",
        "type": "tabs",
        "children": [
          {
            "id": "d7933b88d7533639",
            "type": "leaf",
            "state": {
              "type": "file-explorer",
              "state": {
                "sortOrder": "alphabetical",
                "autoReveal": false
              },
              "icon": "lucide-folder-closed",
              "title": "Files"
            }
          },
          {
            "id": "064a08739275ee07",
            "type": "leaf",
            "state": {
              "type": "search",
              "state": {
                "query": "tag:#ADD-YOUR-OWN-ANSWER-HERE",
                "matchingCase": false,
                "explainSearch": false,
                "collapseAll": false,
                "extraContext": false,
                "sortOrder": "alphabetical"
              },
              "icon": "lucide-search",
              "title": "Search"
            }
          },
          {
            "id": "e6256f7ce0c851b5",
            "type": "leaf",
            "state": {
              "type": "bookmarks",
              "state": {},
              "icon": "lucide-bookmark",
              "title": "Bookmarks"
            }
          }
        ]
      }
    ],
    "direction": "horizontal",
    "width": 244.50124740600586
  },
  "right": {
    "id": "1dfa38ff40c8b449",
    "type": "split",
    "children": [
      {
        "id": "d7ab9fee57b4cf06",
        "type": "tabs",
        "children": [
          {
            "id": "4037b1652d2263e5",
            "type": "leaf",
            "state": {
              "type": "backlink",
              "state": {
                "file": "Welcome.md",
                "collapseAll": true,
                "extraContext": false,
                "sortOrder": "alphabetical",
                "showSearch": false,
                "searchQuery": "",
                "backlinkCollapsed": false,
                "unlinkedCollapsed": true
              },
              "icon": "links-coming-in",
              "title": "Backlinks for Welcome"
            }
          },
          {
            "id": "cb75b34e2d1e656e",
            "type": "leaf",
            "state": {
              "type": "outgoing-link",
              "state": {
                "file": "Welcome.md",
                "linksCollapsed": false,
                "unlinkedCollapsed": true
              },
              "icon": "links-going-out",
              "title": "Outgoing links from Welcome"
            }
          },
          {
            "id": "ec925b389dec0695",
            "type": "leaf",
            "state": {
              "type": "tag",
              "state": {
                "sortOrder": "frequency",
                "useHierarchy": true,
                "showSearch": false,
                "searchQuery": ""
              },
              "icon": "lucide-tags",
              "title": "Tags"
            }
          },
          {
            "id": "08914ad7dd53e4ec",
            "type": "leaf",
            "state": {
              "type": "outline",
              "state": {
                "file": "blog/draft 3/Blog 3. My Unified Blog Draft (No 3).md",
                "followCursor": false,
                "showSearch": false,
                "searchQuery": ""
              },
              "icon": "lucide-list",
              "title": "Outline of Blog 3. My Unified Blog Draft (No 3)"
            }
          }
        ],
        "currentTab": 3
      }
    ],
    "direction": "horizontal",
    "width": 200,
    "collapsed": true
  },
  "left-ribbon": {
    "hiddenItems": {
      "switcher:Open quick switcher": false,
      "graph:Open graph view": false,
      "canvas:Create new canvas": false,
      "daily-notes:Open today's daily note": false,
      "templates:Insert template": false,
      "command-palette:Open command palette": false
    }
  },
  "active": "2847631a0ad861a1",
  "lastOpenFiles": [
    "blog/draft 2/Blog 2. My Unified Blog Draft (No 2).md",
    "plan/Plan Proposal.md",
    "modifications/Modifications.md",
    "modifications/Modification No 1.md",
    "blog/draft 1/6. References.md",
    "blog/draft 1/5. Final thoughts.md",
    "blog/draft 1/4. Conclusion.md",
    "experiments/Experiment 3.md",
    "experiments/Experiment 2.md",
    "experiments/Experiment 1.md",
    "blog/draft 1/3. Experiment time!.md",
    "blog/draft 1/2. Setup.md",
    "blog/draft 1/1. Introduction.md",
    "gratitudes/Untitled.md",
    "gratitudes/Gratitudes.md",
    "_attachments/Screenshot 2025-07-18 212251 1.png",
    "_attachments/Screenshot 2025-07-18 144416111.png",
    "_attachments/Screenshot 2025-07-18 144520111.png",
    "_attachments/Screenshot 2025-07-18 144348.png",
    "_attachments/Screenshot 2025-07-18 212251.png",
    "_attachments/Screenshot 2025-07-17 214442.png",
    "_attachments/Pasted image 20250717212709.png",
    "_attachments/Screenshot 2025-07-17 211448.png",
    "_attachments/Pasted image 20250717212037.png",
    "experiments/Experiments.md",
    "_attachments/Screenshot 2025-07-16 202629 1.png",
    "blog/draft 1/Blog 1. My Segmented Blog Draft (No 1).md",
    "blog/Blog.md",
    "references/Ref - ART - Invoke-AtomicRedTeam docs.md",
    "Welcome.md",
    "TODO List.md",
    "mistakes/Mistakes.md",
    "changelog/Chosen Changelogs.md",
    "changelog/2025-04-08 at 22-34-08.md",
    "changelog/2025-04-09 at 12-15-38.md",
    "changelog/2025-04-10 at 18-04-23.md",
    "gratitudes",
    "references",
    "_attachments/sysmonconfig-export.xml",
    "files",
    "devices",
    "blog/draft 3",
    "blog/draft 2",
    "blog/draft 1",
    "_attachments",
    "modifications"
  ]
}